enditemid,binid,projectid,ship to,branch,contractid,custmiscinfo,airframe,program,periodicdatastream,perioddate,value
,Exogenous Factor,Project_2597,0,0,Contract_601,Exogenous Factor,Airframe_27,,Build Rate,2015-01-01,25.6
,Exogenous Factor,Project_2597,0,0,Contract_601,Exogenous Factor,Airframe_27,,Build Rate,2015-02-01,25.6
,Exogenous Factor,Project_2597,0,0,Contract_601,Exogenous Factor,Airframe_27,,Build Rate,2015-03-01,25.6
,Exogenous Factor,Project_2597,0,0,Contract_601,Exogenous Factor,Airframe_27,,Build Rate,2015-04-01,25.6
,Exogenous Factor,Project_2597,0,0,Contract_601,Exogenous Factor,Airframe_27,,Build Rate,2015-05-01,25.6
,Exogenous Factor,Project_2597,0,0,Contract_601,Exogenous Factor,Airframe_27,,Build Rate,2015-06-01,25.6
,Exogenous Factor,Project_2597,0,0,Contract_601,Exogenous Factor,Airframe_27,,Build Rate,2015-07-01,25.6
,Exogenous Factor,Project_2597,0,0,Contract_601,Exogenous Factor,Airframe_27,,Build Rate,2015-08-01,25.6
,Exogenous Factor,Project_2597,0,0,Contract_601,Exogenous Factor,Airframe_27,,Build Rate,2015-09-01,25.6
,Exogenous Factor,Project_2597,0,0,Contract_601,Exogenous Factor,Airframe_27,,Build Rate,2015-10-01,25.6
,Exogenous Factor,Project_2597,0,0,Contract_601,Exogenous Factor,Airframe_27,,Build Rate,2015-11-01,25.6
,Exogenous Factor,Project_2597,0,0,Contract_601,Exogenous Factor,Airframe_27,,Build Rate,2015-12-01,25.6
,Exogenous Factor,Project_2597,0,0,Contract_601,Exogenous Factor,Airframe_27,,Build Rate,2016-01-01,26.2
,Exogenous Factor,Project_2597,0,0,Contract_601,Exogenous Factor,Airframe_27,,Build Rate,2016-02-01,26.2
,Exogenous Factor,Project_2597,0,0,Contract_601,Exogenous Factor,Airframe_27,,Build Rate,2016-03-01,26.2
,Exogenous Factor,Project_2597,0,0,Contract_601,Exogenous Factor,Airframe_27,,Build Rate,2016-04-01,26.2
,Exogenous Factor,Project_2597,0,0,Contract_601,Exogenous Factor,Airframe_27,,Build Rate,2016-05-01,26.2
,Exogenous Factor,Project_2597,0,0,Contract_601,Exogenous Factor,Airframe_27,,Build Rate,2016-06-01,26.2
,Exogenous Factor,Project_2597,0,0,Contract_601,Exogenous Factor,Airframe_27,,Build Rate,2016-07-01,26.2
,Exogenous Factor,Project_2597,0,0,Contract_601,Exogenous Factor,Airframe_27,,Build Rate,2016-08-01,26.2
,Exogenous Factor,Project_2597,0,0,Contract_601,Exogenous Factor,Airframe_27,,Build Rate,2016-09-01,26.2
,Exogenous Factor,Project_2597,0,0,Contract_601,Exogenous Factor,Airframe_27,,Build Rate,2016-10-01,26.0
,Exogenous Factor,Project_2597,0,0,Contract_601,Exogenous Factor,Airframe_27,,Build Rate,2016-11-01,26.0
,Exogenous Factor,Project_2597,0,0,Contract_601,Exogenous Factor,Airframe_27,,Build Rate,2016-12-01,26.0
,Exogenous Factor,Project_2597,0,0,Contract_601,Exogenous Factor,Airframe_27,,Build Rate,2017-01-01,25.6
,Exogenous Factor,Project_2597,0,0,Contract_601,Exogenous Factor,Airframe_27,,Build Rate,2017-02-01,25.6
,Exogenous Factor,Project_2597,0,0,Contract_601,Exogenous Factor,Airframe_27,,Build Rate,2017-03-01,25.6
,Exogenous Factor,Project_2597,0,0,Contract_601,Exogenous Factor,Airframe_27,,Build Rate,2017-04-01,25.6
,Exogenous Factor,Project_2597,0,0,Contract_601,Exogenous Factor,Airframe_27,,Build Rate,2017-05-01,28.1
,Exogenous Factor,Project_2597,0,0,Contract_601,Exogenous Factor,Airframe_27,,Build Rate,2017-06-01,28.1
,Exogenous Factor,Project_2597,0,0,Contract_601,Exogenous Factor,Airframe_27,,Build Rate,2017-07-01,28.1
,Exogenous Factor,Project_2597,0,0,Contract_601,Exogenous Factor,Airframe_27,,Build Rate,2017-08-01,28.1
,Exogenous Factor,Project_2597,0,0,Contract_601,Exogenous Factor,Airframe_27,,Build Rate,2017-09-01,28.1
,Exogenous Factor,Project_2597,0,0,Contract_601,Exogenous Factor,Airframe_27,,Build Rate,2017-10-01,28.1
,Exogenous Factor,Project_2597,0,0,Contract_601,Exogenous Factor,Airframe_27,,Build Rate,2017-11-01,28.1
,Exogenous Factor,Project_2597,0,0,Contract_601,Exogenous Factor,Airframe_27,,Build Rate,2017-12-01,28.1
,Exogenous Factor,Project_2597,0,0,Contract_601,Exogenous Factor,Airframe_27,,Build Rate,2018-01-01,28.1
,Exogenous Factor,Project_2597,0,0,Contract_601,Exogenous Factor,Airframe_27,,Build Rate,2018-02-01,28.1
,Exogenous Factor,Project_2597,0,0,Contract_601,Exogenous Factor,Airframe_27,,Build Rate,2018-03-01,28.1
,Exogenous Factor,Project_2597,0,0,Contract_601,Exogenous Factor,Airframe_27,,Build Rate,2018-04-01,28.1
,Exogenous Factor,Project_2597,0,0,Contract_601,Exogenous Factor,Airframe_27,,Build Rate,2018-05-01,28.1
,Exogenous Factor,Project_2597,0,0,Contract_601,Exogenous Factor,Airframe_27,,Build Rate,2018-06-01,28.1
,Exogenous Factor,Project_2597,0,0,Contract_601,Exogenous Factor,Airframe_27,,Build Rate,2018-07-01,30.6
,Exogenous Factor,Project_2597,0,0,Contract_601,Exogenous Factor,Airframe_27,,Build Rate,2018-08-01,30.6
,Exogenous Factor,Project_2597,0,0,Contract_601,Exogenous Factor,Airframe_27,,Build Rate,2018-09-01,30.6
,Exogenous Factor,Project_2597,0,0,Contract_601,Exogenous Factor,Airframe_27,,Build Rate,2018-10-01,30.6
,Exogenous Factor,Project_2597,0,0,Contract_601,Exogenous Factor,Airframe_27,,Build Rate,2018-11-01,30.6
,Exogenous Factor,Project_2597,0,0,Contract_601,Exogenous Factor,Airframe_27,,Build Rate,2018-12-01,30.6
,Exogenous Factor,Project_2597,0,0,Contract_601,Exogenous Factor,Airframe_27,,Build Rate,2019-01-01,30.8
,Exogenous Factor,Project_2597,0,0,Contract_601,Exogenous Factor,Airframe_27,,Build Rate,2019-02-01,30.8
,Exogenous Factor,Project_2597,0,0,Contract_601,Exogenous Factor,Airframe_27,,Build Rate,2019-03-01,30.8
,Exogenous Factor,Project_2597,0,0,Contract_601,Exogenous Factor,Airframe_27,,Build Rate,2019-04-01,25.8
,Exogenous Factor,Project_2597,0,0,Contract_601,Exogenous Factor,Airframe_27,,Build Rate,2019-05-01,25.8
,Exogenous Factor,Project_2597,0,0,Contract_601,Exogenous Factor,Airframe_27,,Build Rate,2019-06-01,25.8
,Exogenous Factor,Project_2597,0,0,Contract_601,Exogenous Factor,Airframe_27,,Build Rate,2019-07-01,25.8
,Exogenous Factor,Project_2597,0,0,Contract_601,Exogenous Factor,Airframe_27,,Build Rate,2019-08-01,25.8
,Exogenous Factor,Project_2597,0,0,Contract_601,Exogenous Factor,Airframe_27,,Build Rate,2019-09-01,25.8
,Exogenous Factor,Project_2597,0,0,Contract_601,Exogenous Factor,Airframe_27,,Build Rate,2019-10-01,25.8
,Exogenous Factor,Project_2597,0,0,Contract_601,Exogenous Factor,Airframe_27,,Build Rate,2019-11-01,25.8
,Exogenous Factor,Project_2597,0,0,Contract_601,Exogenous Factor,Airframe_27,,Build Rate,2019-12-01,25.8
,Exogenous Factor,Project_2597,0,0,Contract_601,Exogenous Factor,Airframe_27,,Build Rate,2020-01-01,25.8
,Exogenous Factor,Project_2597,0,0,Contract_601,Exogenous Factor,Airframe_27,,Build Rate,2020-02-01,25.8
,Exogenous Factor,Project_2597,0,0,Contract_601,Exogenous Factor,Airframe_27,,Build Rate,2020-03-01,25.8
,Exogenous Factor,Project_2597,0,0,Contract_601,Exogenous Factor,Airframe_27,,Build Rate,2020-04-01,2.4
,Exogenous Factor,Project_2597,0,0,Contract_601,Exogenous Factor,Airframe_27,,Build Rate,2020-05-01,2.7
,Exogenous Factor,Project_2597,0,0,Contract_601,Exogenous Factor,Airframe_27,,Build Rate,2020-06-01,2.7
,Exogenous Factor,Project_2597,0,0,Contract_601,Exogenous Factor,Airframe_27,,Build Rate,2020-07-01,2.2
,Exogenous Factor,Project_2597,0,0,Contract_601,Exogenous Factor,Airframe_27,,Build Rate,2020-08-01,2.7
,Exogenous Factor,Project_2597,0,0,Contract_601,Exogenous Factor,Airframe_27,,Build Rate,2020-09-01,2.2
,Exogenous Factor,Project_2597,0,0,Contract_601,Exogenous Factor,Airframe_27,,Build Rate,2020-10-01,12.7
,Exogenous Factor,Project_2597,0,0,Contract_601,Exogenous Factor,Airframe_27,,Build Rate,2020-11-01,12.7
,Exogenous Factor,Project_2597,0,0,Contract_601,Exogenous Factor,Airframe_27,,Build Rate,2020-12-01,12.7
,Exogenous Factor,Project_2597,0,0,Contract_601,Exogenous Factor,Airframe_27,,Build Rate,2021-01-01,12.9
,Exogenous Factor,Project_2597,0,0,Contract_601,Exogenous Factor,Airframe_27,,Build Rate,2021-02-01,12.9
,Exogenous Factor,Project_2597,0,0,Contract_601,Exogenous Factor,Airframe_27,,Build Rate,2021-03-01,12.9
,Exogenous Factor,Project_2597,0,0,Contract_601,Exogenous Factor,Airframe_27,,Build Rate,2021-04-01,12.9
,Exogenous Factor,Project_2597,0,0,Contract_601,Exogenous Factor,Airframe_27,,Build Rate,2021-05-01,12.9
,Exogenous Factor,Project_2597,0,0,Contract_601,Exogenous Factor,Airframe_27,,Build Rate,2021-06-01,12.9
,Exogenous Factor,Project_2597,0,0,Contract_601,Exogenous Factor,Airframe_27,,Build Rate,2021-07-01,12.9
,Exogenous Factor,Project_2597,0,0,Contract_601,Exogenous Factor,Airframe_27,,Build Rate,2021-08-01,12.9
,Exogenous Factor,Project_2597,0,0,Contract_601,Exogenous Factor,Airframe_27,,Build Rate,2021-09-01,12.9
,Exogenous Factor,Project_2597,0,0,Contract_601,Exogenous Factor,Airframe_27,,Build Rate,2021-10-01,12.9
,Exogenous Factor,Project_2597,0,0,Contract_601,Exogenous Factor,Airframe_27,,Build Rate,2021-11-01,12.9
,Exogenous Factor,Project_2597,0,0,Contract_601,Exogenous Factor,Airframe_27,,Build Rate,2021-12-01,12.9
,Exogenous Factor,Project_2597,0,0,Contract_601,Exogenous Factor,Airframe_27,,Build Rate,2022-01-01,17.9
,Exogenous Factor,Project_2597,0,0,Contract_601,Exogenous Factor,Airframe_27,,Build Rate,2022-02-01,17.9
,Exogenous Factor,Project_2597,0,0,Contract_601,Exogenous Factor,Airframe_27,,Build Rate,2022-03-01,17.9
,Exogenous Factor,Project_2597,0,0,Contract_601,Exogenous Factor,Airframe_27,,Build Rate,2022-04-01,17.9
,Exogenous Factor,Project_2597,0,0,Contract_601,Exogenous Factor,Airframe_27,,Build Rate,2022-05-01,17.9
,Exogenous Factor,Project_2597,0,0,Contract_601,Exogenous Factor,Airframe_27,,Build Rate,2022-06-01,17.9
,Exogenous Factor,Project_2597,0,0,Contract_601,Exogenous Factor,Airframe_27,,Build Rate,2022-07-01,17.9
,Exogenous Factor,Project_2597,0,0,Contract_601,Exogenous Factor,Airframe_27,,Build Rate,2022-08-01,17.9
,Exogenous Factor,Project_2597,0,0,Contract_601,Exogenous Factor,Airframe_27,,Build Rate,2022-09-01,17.9
,Exogenous Factor,Project_2597,0,0,Contract_601,Exogenous Factor,Airframe_27,,Build Rate,2022-10-01,17.9
,Exogenous Factor,Project_2597,0,0,Contract_601,Exogenous Factor,Airframe_27,,Build Rate,2022-11-01,17.9
,Exogenous Factor,Project_2597,0,0,Contract_601,Exogenous Factor,Airframe_27,,Build Rate,2022-12-01,17.9
,Exogenous Factor,Project_2597,0,0,Contract_601,Exogenous Factor,Airframe_27,,Build Rate,2023-01-01,24.2
,Exogenous Factor,Project_2597,0,0,Contract_601,Exogenous Factor,Airframe_27,,Build Rate,2023-02-01,24.2
,Exogenous Factor,Project_2597,0,0,Contract_601,Exogenous Factor,Airframe_27,,Build Rate,2023-03-01,24.2
,Exogenous Factor,Project_2597,0,0,Contract_601,Exogenous Factor,Airframe_27,,Build Rate,2023-04-01,24.2
,Exogenous Factor,Project_2597,0,0,Contract_601,Exogenous Factor,Airframe_27,,Build Rate,2023-05-01,24.2
,Exogenous Factor,Project_2597,0,0,Contract_601,Exogenous Factor,Airframe_27,,Build Rate,2023-06-01,24.2
,Exogenous Factor,Project_1123,0,0,Contract_360,Exogenous Factor,Airframe_27,,Build Rate,2018-01-01,4.3
,Exogenous Factor,Project_1123,0,0,Contract_360,Exogenous Factor,Airframe_27,,Build Rate,2018-02-01,4.3
,Exogenous Factor,Project_1123,0,0,Contract_360,Exogenous Factor,Airframe_27,,Build Rate,2018-03-01,4.3
,Exogenous Factor,Project_1123,0,0,Contract_360,Exogenous Factor,Airframe_27,,Build Rate,2018-04-01,6.0
,Exogenous Factor,Project_1123,0,0,Contract_360,Exogenous Factor,Airframe_27,,Build Rate,2018-05-01,6.0
,Exogenous Factor,Project_1123,0,0,Contract_360,Exogenous Factor,Airframe_27,,Build Rate,2018-06-01,6.0
,Exogenous Factor,Project_1123,0,0,Contract_360,Exogenous Factor,Airframe_27,,Build Rate,2018-07-01,8.6
,Exogenous Factor,Project_1123,0,0,Contract_360,Exogenous Factor,Airframe_27,,Build Rate,2018-08-01,8.6
,Exogenous Factor,Project_1123,0,0,Contract_360,Exogenous Factor,Airframe_27,,Build Rate,2018-09-01,8.6
,Exogenous Factor,Project_1123,0,0,Contract_360,Exogenous Factor,Airframe_27,,Build Rate,2018-10-01,6.6
,Exogenous Factor,Project_1123,0,0,Contract_360,Exogenous Factor,Airframe_27,,Build Rate,2018-11-01,6.6
,Exogenous Factor,Project_1123,0,0,Contract_360,Exogenous Factor,Airframe_27,,Build Rate,2018-12-01,6.6
,Exogenous Factor,Project_1123,0,0,Contract_360,Exogenous Factor,Airframe_27,,Build Rate,2019-01-01,6.0
,Exogenous Factor,Project_1123,0,0,Contract_360,Exogenous Factor,Airframe_27,,Build Rate,2019-02-01,4.0
,Exogenous Factor,Project_1123,0,0,Contract_360,Exogenous Factor,Airframe_27,,Build Rate,2019-03-01,3.0
,Exogenous Factor,Project_1123,0,0,Contract_360,Exogenous Factor,Airframe_27,,Build Rate,2019-04-01,6.0
,Exogenous Factor,Project_1123,0,0,Contract_360,Exogenous Factor,Airframe_27,,Build Rate,2019-05-01,6.0
,Exogenous Factor,Project_1123,0,0,Contract_360,Exogenous Factor,Airframe_27,,Build Rate,2019-06-01,7.0
,Exogenous Factor,Project_1123,0,0,Contract_360,Exogenous Factor,Airframe_27,,Build Rate,2019-07-01,4.0
,Exogenous Factor,Project_1123,0,0,Contract_360,Exogenous Factor,Airframe_27,,Build Rate,2019-08-01,6.0
,Exogenous Factor,Project_1123,0,0,Contract_360,Exogenous Factor,Airframe_27,,Build Rate,2019-09-01,7.0
,Exogenous Factor,Project_1123,0,0,Contract_360,Exogenous Factor,Airframe_27,,Build Rate,2019-10-01,6.0
,Exogenous Factor,Project_1123,0,0,Contract_360,Exogenous Factor,Airframe_27,,Build Rate,2019-11-01,7.0
,Exogenous Factor,Project_1123,0,0,Contract_360,Exogenous Factor,Airframe_27,,Build Rate,2019-12-01,3.0
,Exogenous Factor,Project_1123,0,0,Contract_360,Exogenous Factor,Airframe_27,,Build Rate,2020-01-01,6.0
,Exogenous Factor,Project_1123,0,0,Contract_360,Exogenous Factor,Airframe_27,,Build Rate,2020-02-01,6.0
,Exogenous Factor,Project_1123,0,0,Contract_360,Exogenous Factor,Airframe_27,,Build Rate,2020-03-01,5.0
,Exogenous Factor,Project_1123,0,0,Contract_360,Exogenous Factor,Airframe_27,,Build Rate,2020-04-01,5.0
,Exogenous Factor,Project_1123,0,0,Contract_360,Exogenous Factor,Airframe_27,,Build Rate,2020-05-01,5.0
,Exogenous Factor,Project_1123,0,0,Contract_360,Exogenous Factor,Airframe_27,,Build Rate,2020-06-01,5.0
,Exogenous Factor,Project_1123,0,0,Contract_360,Exogenous Factor,Airframe_27,,Build Rate,2020-07-01,6.0
,Exogenous Factor,Project_1123,0,0,Contract_360,Exogenous Factor,Airframe_27,,Build Rate,2020-08-01,5.0
,Exogenous Factor,Project_1123,0,0,Contract_360,Exogenous Factor,Airframe_27,,Build Rate,2020-09-01,6.0
,Exogenous Factor,Project_1123,0,0,Contract_360,Exogenous Factor,Airframe_27,,Build Rate,2020-10-01,6.0
,Exogenous Factor,Project_1123,0,0,Contract_360,Exogenous Factor,Airframe_27,,Build Rate,2020-11-01,6.0
,Exogenous Factor,Project_1123,0,0,Contract_360,Exogenous Factor,Airframe_27,,Build Rate,2020-12-01,1.0
,Exogenous Factor,Project_1123,0,0,Contract_360,Exogenous Factor,Airframe_27,,Build Rate,2021-01-01,6.0
,Exogenous Factor,Project_1123,0,0,Contract_360,Exogenous Factor,Airframe_27,,Build Rate,2021-02-01,5.0
,Exogenous Factor,Project_1123,0,0,Contract_360,Exogenous Factor,Airframe_27,,Build Rate,2021-03-01,5.0
,Exogenous Factor,Project_1123,0,0,Contract_360,Exogenous Factor,Airframe_27,,Build Rate,2021-04-01,5.0
,Exogenous Factor,Project_1123,0,0,Contract_360,Exogenous Factor,Airframe_27,,Build Rate,2021-05-01,5.0
,Exogenous Factor,Project_1123,0,0,Contract_360,Exogenous Factor,Airframe_27,,Build Rate,2021-06-01,5.0
,Exogenous Factor,Project_1123,0,0,Contract_360,Exogenous Factor,Airframe_27,,Build Rate,2021-07-01,5.0
,Exogenous Factor,Project_1123,0,0,Contract_360,Exogenous Factor,Airframe_27,,Build Rate,2021-08-01,5.0
,Exogenous Factor,Project_1123,0,0,Contract_360,Exogenous Factor,Airframe_27,,Build Rate,2021-09-01,5.0
,Exogenous Factor,Project_1123,0,0,Contract_360,Exogenous Factor,Airframe_27,,Build Rate,2021-10-01,5.0
,Exogenous Factor,Project_1123,0,0,Contract_360,Exogenous Factor,Airframe_27,,Build Rate,2021-11-01,5.0
,Exogenous Factor,Project_1123,0,0,Contract_360,Exogenous Factor,Airframe_27,,Build Rate,2021-12-01,4.0
,Exogenous Factor,Project_1123,0,0,Contract_360,Exogenous Factor,Airframe_27,,Build Rate,2022-01-01,5.0
,Exogenous Factor,Project_1123,0,0,Contract_360,Exogenous Factor,Airframe_27,,Build Rate,2022-02-01,6.0
,Exogenous Factor,Project_1123,0,0,Contract_360,Exogenous Factor,Airframe_27,,Build Rate,2022-03-01,6.0
,Exogenous Factor,Project_1123,0,0,Contract_360,Exogenous Factor,Airframe_27,,Build Rate,2022-04-01,5.0
,Exogenous Factor,Project_1123,0,0,Contract_360,Exogenous Factor,Airframe_27,,Build Rate,2022-05-01,5.0
,Exogenous Factor,Project_1123,0,0,Contract_360,Exogenous Factor,Airframe_27,,Build Rate,2022-06-01,5.0
,Exogenous Factor,Project_1123,0,0,Contract_360,Exogenous Factor,Airframe_27,,Build Rate,2022-07-01,5.0
,Exogenous Factor,Project_1123,0,0,Contract_360,Exogenous Factor,Airframe_27,,Build Rate,2022-08-01,5.0
,Exogenous Factor,Project_1123,0,0,Contract_360,Exogenous Factor,Airframe_27,,Build Rate,2022-09-01,5.0
,Exogenous Factor,Project_1123,0,0,Contract_360,Exogenous Factor,Airframe_27,,Build Rate,2022-10-01,5.0
,Exogenous Factor,Project_1123,0,0,Contract_360,Exogenous Factor,Airframe_27,,Build Rate,2022-11-01,5.0
,Exogenous Factor,Project_1123,0,0,Contract_360,Exogenous Factor,Airframe_27,,Build Rate,2022-12-01,3.0
,Exogenous Factor,Project_1123,0,0,Contract_360,Exogenous Factor,Airframe_27,,Build Rate,2023-01-01,6.0
,Exogenous Factor,Project_1123,0,0,Contract_360,Exogenous Factor,Airframe_27,,Build Rate,2023-02-01,6.0
,Exogenous Factor,Project_1123,0,0,Contract_360,Exogenous Factor,Airframe_27,,Build Rate,2023-03-01,6.0
,Exogenous Factor,Project_1123,0,0,Contract_360,Exogenous Factor,Airframe_27,,Build Rate,2023-04-01,6.0
,Exogenous Factor,Project_1123,0,0,Contract_360,Exogenous Factor,Airframe_27,,Build Rate,2023-05-01,5.0
,Exogenous Factor,Project_1123,0,0,Contract_360,Exogenous Factor,Airframe_27,,Build Rate,2023-06-01,6.0
,Exogenous Factor,Project_1123,0,0,Contract_360,Exogenous Factor,Airframe_27,,Build Rate,2023-07-01,4.0
,Exogenous Factor,Project_1123,0,0,Contract_360,Exogenous Factor,Airframe_27,,Build Rate,2023-08-01,6.0
,Exogenous Factor,Project_1123,0,0,Contract_360,Exogenous Factor,Airframe_27,,Build Rate,2023-09-01,5.0
,Exogenous Factor,Project_1123,0,0,Contract_360,Exogenous Factor,Airframe_27,,Build Rate,2023-10-01,6.0
,Exogenous Factor,Project_1123,0,0,Contract_360,Exogenous Factor,Airframe_27,,Build Rate,2023-11-01,3.0
,Exogenous Factor,Project_1123,0,0,Contract_360,Exogenous Factor,Airframe_27,,Build Rate,2023-12-01,1.0
,Exogenous Factor,Project_1124,0,0,Contract_360,Exogenous Factor,Airframe_27,,Build Rate,2018-01-01,4.3
,Exogenous Factor,Project_1124,0,0,Contract_360,Exogenous Factor,Airframe_27,,Build Rate,2018-02-01,4.3
,Exogenous Factor,Project_1124,0,0,Contract_360,Exogenous Factor,Airframe_27,,Build Rate,2018-03-01,4.3
,Exogenous Factor,Project_1124,0,0,Contract_360,Exogenous Factor,Airframe_27,,Build Rate,2018-04-01,6.0
,Exogenous Factor,Project_1124,0,0,Contract_360,Exogenous Factor,Airframe_27,,Build Rate,2018-05-01,6.0
,Exogenous Factor,Project_1124,0,0,Contract_360,Exogenous Factor,Airframe_27,,Build Rate,2018-06-01,6.0
,Exogenous Factor,Project_1124,0,0,Contract_360,Exogenous Factor,Airframe_27,,Build Rate,2018-07-01,8.6
,Exogenous Factor,Project_1124,0,0,Contract_360,Exogenous Factor,Airframe_27,,Build Rate,2018-08-01,8.6
,Exogenous Factor,Project_1124,0,0,Contract_360,Exogenous Factor,Airframe_27,,Build Rate,2018-09-01,8.6
,Exogenous Factor,Project_1124,0,0,Contract_360,Exogenous Factor,Airframe_27,,Build Rate,2018-10-01,6.6
,Exogenous Factor,Project_1124,0,0,Contract_360,Exogenous Factor,Airframe_27,,Build Rate,2018-11-01,6.6
,Exogenous Factor,Project_1124,0,0,Contract_360,Exogenous Factor,Airframe_27,,Build Rate,2018-12-01,6.6
,Exogenous Factor,Project_1124,0,0,Contract_360,Exogenous Factor,Airframe_27,,Build Rate,2019-01-01,6.0
,Exogenous Factor,Project_1124,0,0,Contract_360,Exogenous Factor,Airframe_27,,Build Rate,2019-02-01,4.0
,Exogenous Factor,Project_1124,0,0,Contract_360,Exogenous Factor,Airframe_27,,Build Rate,2019-03-01,3.0
,Exogenous Factor,Project_1124,0,0,Contract_360,Exogenous Factor,Airframe_27,,Build Rate,2019-04-01,6.0
,Exogenous Factor,Project_1124,0,0,Contract_360,Exogenous Factor,Airframe_27,,Build Rate,2019-05-01,6.0
,Exogenous Factor,Project_1124,0,0,Contract_360,Exogenous Factor,Airframe_27,,Build Rate,2019-06-01,7.0
,Exogenous Factor,Project_1124,0,0,Contract_360,Exogenous Factor,Airframe_27,,Build Rate,2019-07-01,4.0
,Exogenous Factor,Project_1124,0,0,Contract_360,Exogenous Factor,Airframe_27,,Build Rate,2019-08-01,6.0
,Exogenous Factor,Project_1124,0,0,Contract_360,Exogenous Factor,Airframe_27,,Build Rate,2019-09-01,7.0
,Exogenous Factor,Project_1124,0,0,Contract_360,Exogenous Factor,Airframe_27,,Build Rate,2019-10-01,6.0
,Exogenous Factor,Project_1124,0,0,Contract_360,Exogenous Factor,Airframe_27,,Build Rate,2019-11-01,7.0
,Exogenous Factor,Project_1124,0,0,Contract_360,Exogenous Factor,Airframe_27,,Build Rate,2019-12-01,3.0
,Exogenous Factor,Project_1124,0,0,Contract_360,Exogenous Factor,Airframe_27,,Build Rate,2020-01-01,6.0
,Exogenous Factor,Project_1124,0,0,Contract_360,Exogenous Factor,Airframe_27,,Build Rate,2020-02-01,6.0
,Exogenous Factor,Project_1124,0,0,Contract_360,Exogenous Factor,Airframe_27,,Build Rate,2020-03-01,5.0
,Exogenous Factor,Project_1124,0,0,Contract_360,Exogenous Factor,Airframe_27,,Build Rate,2020-04-01,5.0
,Exogenous Factor,Project_1124,0,0,Contract_360,Exogenous Factor,Airframe_27,,Build Rate,2020-05-01,5.0
,Exogenous Factor,Project_1124,0,0,Contract_360,Exogenous Factor,Airframe_27,,Build Rate,2020-06-01,5.0
,Exogenous Factor,Project_1124,0,0,Contract_360,Exogenous Factor,Airframe_27,,Build Rate,2020-07-01,6.0
,Exogenous Factor,Project_1124,0,0,Contract_360,Exogenous Factor,Airframe_27,,Build Rate,2020-08-01,5.0
,Exogenous Factor,Project_1124,0,0,Contract_360,Exogenous Factor,Airframe_27,,Build Rate,2020-09-01,6.0
,Exogenous Factor,Project_1124,0,0,Contract_360,Exogenous Factor,Airframe_27,,Build Rate,2020-10-01,6.0
,Exogenous Factor,Project_1124,0,0,Contract_360,Exogenous Factor,Airframe_27,,Build Rate,2020-11-01,6.0
,Exogenous Factor,Project_1124,0,0,Contract_360,Exogenous Factor,Airframe_27,,Build Rate,2020-12-01,1.0
,Exogenous Factor,Project_1124,0,0,Contract_360,Exogenous Factor,Airframe_27,,Build Rate,2021-01-01,6.0
,Exogenous Factor,Project_1124,0,0,Contract_360,Exogenous Factor,Airframe_27,,Build Rate,2021-02-01,5.0
,Exogenous Factor,Project_1124,0,0,Contract_360,Exogenous Factor,Airframe_27,,Build Rate,2021-03-01,5.0
,Exogenous Factor,Project_1124,0,0,Contract_360,Exogenous Factor,Airframe_27,,Build Rate,2021-04-01,5.0
,Exogenous Factor,Project_1124,0,0,Contract_360,Exogenous Factor,Airframe_27,,Build Rate,2021-05-01,5.0
,Exogenous Factor,Project_1124,0,0,Contract_360,Exogenous Factor,Airframe_27,,Build Rate,2021-06-01,5.0
,Exogenous Factor,Project_1124,0,0,Contract_360,Exogenous Factor,Airframe_27,,Build Rate,2021-07-01,5.0
,Exogenous Factor,Project_1124,0,0,Contract_360,Exogenous Factor,Airframe_27,,Build Rate,2021-08-01,5.0
,Exogenous Factor,Project_1124,0,0,Contract_360,Exogenous Factor,Airframe_27,,Build Rate,2021-09-01,5.0
,Exogenous Factor,Project_1124,0,0,Contract_360,Exogenous Factor,Airframe_27,,Build Rate,2021-10-01,5.0
,Exogenous Factor,Project_1124,0,0,Contract_360,Exogenous Factor,Airframe_27,,Build Rate,2021-11-01,5.0
,Exogenous Factor,Project_1124,0,0,Contract_360,Exogenous Factor,Airframe_27,,Build Rate,2021-12-01,4.0
,Exogenous Factor,Project_1124,0,0,Contract_360,Exogenous Factor,Airframe_27,,Build Rate,2022-01-01,5.0
,Exogenous Factor,Project_1124,0,0,Contract_360,Exogenous Factor,Airframe_27,,Build Rate,2022-02-01,6.0
,Exogenous Factor,Project_1124,0,0,Contract_360,Exogenous Factor,Airframe_27,,Build Rate,2022-03-01,6.0
,Exogenous Factor,Project_1124,0,0,Contract_360,Exogenous Factor,Airframe_27,,Build Rate,2022-04-01,5.0
,Exogenous Factor,Project_1124,0,0,Contract_360,Exogenous Factor,Airframe_27,,Build Rate,2022-05-01,5.0
,Exogenous Factor,Project_1124,0,0,Contract_360,Exogenous Factor,Airframe_27,,Build Rate,2022-06-01,5.0
,Exogenous Factor,Project_1124,0,0,Contract_360,Exogenous Factor,Airframe_27,,Build Rate,2022-07-01,5.0
,Exogenous Factor,Project_1124,0,0,Contract_360,Exogenous Factor,Airframe_27,,Build Rate,2022-08-01,5.0
,Exogenous Factor,Project_1124,0,0,Contract_360,Exogenous Factor,Airframe_27,,Build Rate,2022-09-01,5.0
,Exogenous Factor,Project_1124,0,0,Contract_360,Exogenous Factor,Airframe_27,,Build Rate,2022-10-01,5.0
,Exogenous Factor,Project_1124,0,0,Contract_360,Exogenous Factor,Airframe_27,,Build Rate,2022-11-01,5.0
,Exogenous Factor,Project_1124,0,0,Contract_360,Exogenous Factor,Airframe_27,,Build Rate,2022-12-01,3.0
,Exogenous Factor,Project_1124,0,0,Contract_360,Exogenous Factor,Airframe_27,,Build Rate,2023-01-01,6.0
,Exogenous Factor,Project_1124,0,0,Contract_360,Exogenous Factor,Airframe_27,,Build Rate,2023-02-01,6.0
,Exogenous Factor,Project_1124,0,0,Contract_360,Exogenous Factor,Airframe_27,,Build Rate,2023-03-01,6.0
,Exogenous Factor,Project_1124,0,0,Contract_360,Exogenous Factor,Airframe_27,,Build Rate,2023-04-01,6.0
,Exogenous Factor,Project_1124,0,0,Contract_360,Exogenous Factor,Airframe_27,,Build Rate,2023-05-01,5.0
,Exogenous Factor,Project_1124,0,0,Contract_360,Exogenous Factor,Airframe_27,,Build Rate,2023-06-01,6.0
,Exogenous Factor,Project_1124,0,0,Contract_360,Exogenous Factor,Airframe_27,,Build Rate,2023-07-01,4.0
,Exogenous Factor,Project_1124,0,0,Contract_360,Exogenous Factor,Airframe_27,,Build Rate,2023-08-01,6.0
,Exogenous Factor,Project_1124,0,0,Contract_360,Exogenous Factor,Airframe_27,,Build Rate,2023-09-01,5.0
,Exogenous Factor,Project_1124,0,0,Contract_360,Exogenous Factor,Airframe_27,,Build Rate,2023-10-01,6.0
,Exogenous Factor,Project_1124,0,0,Contract_360,Exogenous Factor,Airframe_27,,Build Rate,2023-11-01,3.0
,Exogenous Factor,Project_1124,0,0,Contract_360,Exogenous Factor,Airframe_27,,Build Rate,2023-12-01,1.0
,Exogenous Factor,Project_3043,0,0,Contract_715,Exogenous Factor,Airframe_32,,Build Rate,2019-02-01,3.0
,Exogenous Factor,Project_3043,0,0,Contract_715,Exogenous Factor,Airframe_32,,Build Rate,2019-03-01,3.0
,Exogenous Factor,Project_3043,0,0,Contract_715,Exogenous Factor,Airframe_32,,Build Rate,2019-04-01,3.0
,Exogenous Factor,Project_3043,0,0,Contract_715,Exogenous Factor,Airframe_32,,Build Rate,2019-05-01,3.0
,Exogenous Factor,Project_3043,0,0,Contract_715,Exogenous Factor,Airframe_32,,Build Rate,2019-06-01,3.0
,Exogenous Factor,Project_3043,0,0,Contract_715,Exogenous Factor,Airframe_32,,Build Rate,2019-07-01,3.0
,Exogenous Factor,Project_3043,0,0,Contract_715,Exogenous Factor,Airframe_32,,Build Rate,2019-08-01,3.0
,Exogenous Factor,Project_3043,0,0,Contract_715,Exogenous Factor,Airframe_32,,Build Rate,2019-09-01,3.0
,Exogenous Factor,Project_3043,0,0,Contract_715,Exogenous Factor,Airframe_32,,Build Rate,2019-10-01,3.0
,Exogenous Factor,Project_3043,0,0,Contract_715,Exogenous Factor,Airframe_32,,Build Rate,2019-11-01,3.0
,Exogenous Factor,Project_3043,0,0,Contract_715,Exogenous Factor,Airframe_32,,Build Rate,2019-12-01,3.0
,Exogenous Factor,Project_3043,0,0,Contract_715,Exogenous Factor,Airframe_32,,Build Rate,2020-01-01,3.8
,Exogenous Factor,Project_3043,0,0,Contract_715,Exogenous Factor,Airframe_32,,Build Rate,2020-02-01,3.8
,Exogenous Factor,Project_3043,0,0,Contract_715,Exogenous Factor,Airframe_32,,Build Rate,2020-03-01,3.8
,Exogenous Factor,Project_3043,0,0,Contract_715,Exogenous Factor,Airframe_32,,Build Rate,2020-04-01,3.8
,Exogenous Factor,Project_3043,0,0,Contract_715,Exogenous Factor,Airframe_32,,Build Rate,2020-05-01,3.8
,Exogenous Factor,Project_3043,0,0,Contract_715,Exogenous Factor,Airframe_32,,Build Rate,2020-06-01,3.8
,Exogenous Factor,Project_3043,0,0,Contract_715,Exogenous Factor,Airframe_32,,Build Rate,2020-07-01,3.8
,Exogenous Factor,Project_3043,0,0,Contract_715,Exogenous Factor,Airframe_32,,Build Rate,2020-08-01,3.8
,Exogenous Factor,Project_3043,0,0,Contract_715,Exogenous Factor,Airframe_32,,Build Rate,2020-09-01,3.8
,Exogenous Factor,Project_3043,0,0,Contract_715,Exogenous Factor,Airframe_32,,Build Rate,2020-10-01,3.8
,Exogenous Factor,Project_3043,0,0,Contract_715,Exogenous Factor,Airframe_32,,Build Rate,2020-11-01,3.8
,Exogenous Factor,Project_3043,0,0,Contract_715,Exogenous Factor,Airframe_32,,Build Rate,2020-12-01,3.8
,Exogenous Factor,Project_3043,0,0,Contract_715,Exogenous Factor,Airframe_32,,Build Rate,2021-01-01,5.4
,Exogenous Factor,Project_3043,0,0,Contract_715,Exogenous Factor,Airframe_32,,Build Rate,2021-02-01,5.4
,Exogenous Factor,Project_3043,0,0,Contract_715,Exogenous Factor,Airframe_32,,Build Rate,2021-03-01,5.4
,Exogenous Factor,Project_3043,0,0,Contract_715,Exogenous Factor,Airframe_32,,Build Rate,2021-04-01,5.4
,Exogenous Factor,Project_3043,0,0,Contract_715,Exogenous Factor,Airframe_32,,Build Rate,2021-05-01,5.4
,Exogenous Factor,Project_3043,0,0,Contract_715,Exogenous Factor,Airframe_32,,Build Rate,2021-06-01,5.4
,Exogenous Factor,Project_3043,0,0,Contract_715,Exogenous Factor,Airframe_32,,Build Rate,2021-07-01,5.4
,Exogenous Factor,Project_3043,0,0,Contract_715,Exogenous Factor,Airframe_32,,Build Rate,2021-08-01,5.4
,Exogenous Factor,Project_3043,0,0,Contract_715,Exogenous Factor,Airframe_32,,Build Rate,2021-09-01,5.4
,Exogenous Factor,Project_3043,0,0,Contract_715,Exogenous Factor,Airframe_32,,Build Rate,2021-10-01,5.4
,Exogenous Factor,Project_3043,0,0,Contract_715,Exogenous Factor,Airframe_32,,Build Rate,2021-11-01,5.4
,Exogenous Factor,Project_3043,0,0,Contract_715,Exogenous Factor,Airframe_32,,Build Rate,2021-12-01,5.4
,Exogenous Factor,Project_3044,0,0,Contract_715,Exogenous Factor,Code_14,,Build Rate,2019-02-01,3.0
,Exogenous Factor,Project_3044,0,0,Contract_715,Exogenous Factor,Code_14,,Build Rate,2019-03-01,3.0
,Exogenous Factor,Project_3044,0,0,Contract_715,Exogenous Factor,Code_14,,Build Rate,2019-04-01,3.0
,Exogenous Factor,Project_3044,0,0,Contract_715,Exogenous Factor,Code_14,,Build Rate,2019-05-01,3.0
,Exogenous Factor,Project_3044,0,0,Contract_715,Exogenous Factor,Code_14,,Build Rate,2019-06-01,3.0
,Exogenous Factor,Project_3044,0,0,Contract_715,Exogenous Factor,Code_14,,Build Rate,2019-07-01,3.0
,Exogenous Factor,Project_3044,0,0,Contract_715,Exogenous Factor,Code_14,,Build Rate,2019-08-01,3.0
,Exogenous Factor,Project_3044,0,0,Contract_715,Exogenous Factor,Code_14,,Build Rate,2019-09-01,3.0
,Exogenous Factor,Project_3044,0,0,Contract_715,Exogenous Factor,Code_14,,Build Rate,2019-10-01,3.0
,Exogenous Factor,Project_3044,0,0,Contract_715,Exogenous Factor,Code_14,,Build Rate,2019-11-01,3.0
,Exogenous Factor,Project_3044,0,0,Contract_715,Exogenous Factor,Code_14,,Build Rate,2019-12-01,3.0
,Exogenous Factor,Project_3044,0,0,Contract_715,Exogenous Factor,Code_14,,Build Rate,2020-01-01,3.8
,Exogenous Factor,Project_3044,0,0,Contract_715,Exogenous Factor,Code_14,,Build Rate,2020-02-01,3.8
,Exogenous Factor,Project_3044,0,0,Contract_715,Exogenous Factor,Code_14,,Build Rate,2020-03-01,3.8
,Exogenous Factor,Project_3044,0,0,Contract_715,Exogenous Factor,Code_14,,Build Rate,2020-04-01,3.8
,Exogenous Factor,Project_3044,0,0,Contract_715,Exogenous Factor,Code_14,,Build Rate,2020-05-01,3.8
,Exogenous Factor,Project_3044,0,0,Contract_715,Exogenous Factor,Code_14,,Build Rate,2020-06-01,3.8
,Exogenous Factor,Project_3044,0,0,Contract_715,Exogenous Factor,Code_14,,Build Rate,2020-07-01,3.8
,Exogenous Factor,Project_3044,0,0,Contract_715,Exogenous Factor,Code_14,,Build Rate,2020-08-01,3.8
,Exogenous Factor,Project_3044,0,0,Contract_715,Exogenous Factor,Code_14,,Build Rate,2020-09-01,3.8
,Exogenous Factor,Project_3044,0,0,Contract_715,Exogenous Factor,Code_14,,Build Rate,2020-10-01,3.8
,Exogenous Factor,Project_3044,0,0,Contract_715,Exogenous Factor,Code_14,,Build Rate,2020-11-01,3.8
,Exogenous Factor,Project_3044,0,0,Contract_715,Exogenous Factor,Code_14,,Build Rate,2020-12-01,3.8
,Exogenous Factor,Project_3044,0,0,Contract_715,Exogenous Factor,Code_14,,Build Rate,2021-01-01,5.4
,Exogenous Factor,Project_3044,0,0,Contract_715,Exogenous Factor,Code_14,,Build Rate,2021-02-01,5.4
,Exogenous Factor,Project_3044,0,0,Contract_715,Exogenous Factor,Code_14,,Build Rate,2021-03-01,5.4
,Exogenous Factor,Project_3044,0,0,Contract_715,Exogenous Factor,Code_14,,Build Rate,2021-04-01,5.4
,Exogenous Factor,Project_3044,0,0,Contract_715,Exogenous Factor,Code_14,,Build Rate,2021-05-01,5.4
,Exogenous Factor,Project_3044,0,0,Contract_715,Exogenous Factor,Code_14,,Build Rate,2021-06-01,5.4
,Exogenous Factor,Project_3044,0,0,Contract_715,Exogenous Factor,Code_14,,Build Rate,2021-07-01,5.4
,Exogenous Factor,Project_3044,0,0,Contract_715,Exogenous Factor,Code_14,,Build Rate,2021-08-01,5.4
,Exogenous Factor,Project_3044,0,0,Contract_715,Exogenous Factor,Code_14,,Build Rate,2021-09-01,5.4
,Exogenous Factor,Project_3044,0,0,Contract_715,Exogenous Factor,Code_14,,Build Rate,2021-10-01,5.4
,Exogenous Factor,Project_3044,0,0,Contract_715,Exogenous Factor,Code_14,,Build Rate,2021-11-01,5.4
,Exogenous Factor,Project_3044,0,0,Contract_715,Exogenous Factor,Code_14,,Build Rate,2021-12-01,5.4
,Exogenous Factor,Project_3045,0,0,Contract_715,Exogenous Factor,Airframe_35,,Build Rate,2019-02-01,3.0
,Exogenous Factor,Project_3045,0,0,Contract_715,Exogenous Factor,Airframe_35,,Build Rate,2019-03-01,3.0
,Exogenous Factor,Project_3045,0,0,Contract_715,Exogenous Factor,Airframe_35,,Build Rate,2019-04-01,3.0
,Exogenous Factor,Project_3045,0,0,Contract_715,Exogenous Factor,Airframe_35,,Build Rate,2019-05-01,3.0
,Exogenous Factor,Project_3045,0,0,Contract_715,Exogenous Factor,Airframe_35,,Build Rate,2019-06-01,3.0
,Exogenous Factor,Project_3045,0,0,Contract_715,Exogenous Factor,Airframe_35,,Build Rate,2019-07-01,3.0
,Exogenous Factor,Project_3045,0,0,Contract_715,Exogenous Factor,Airframe_35,,Build Rate,2019-08-01,3.0
,Exogenous Factor,Project_3045,0,0,Contract_715,Exogenous Factor,Airframe_35,,Build Rate,2019-09-01,3.0
,Exogenous Factor,Project_3045,0,0,Contract_715,Exogenous Factor,Airframe_35,,Build Rate,2019-10-01,3.0
,Exogenous Factor,Project_3045,0,0,Contract_715,Exogenous Factor,Airframe_35,,Build Rate,2019-11-01,3.0
,Exogenous Factor,Project_3045,0,0,Contract_715,Exogenous Factor,Airframe_35,,Build Rate,2019-12-01,3.0
,Exogenous Factor,Project_3045,0,0,Contract_715,Exogenous Factor,Airframe_35,,Build Rate,2020-01-01,3.8
,Exogenous Factor,Project_3045,0,0,Contract_715,Exogenous Factor,Airframe_35,,Build Rate,2020-02-01,3.8
,Exogenous Factor,Project_3045,0,0,Contract_715,Exogenous Factor,Airframe_35,,Build Rate,2020-03-01,3.8
,Exogenous Factor,Project_3045,0,0,Contract_715,Exogenous Factor,Airframe_35,,Build Rate,2020-04-01,3.8
,Exogenous Factor,Project_3045,0,0,Contract_715,Exogenous Factor,Airframe_35,,Build Rate,2020-05-01,3.8
,Exogenous Factor,Project_3045,0,0,Contract_715,Exogenous Factor,Airframe_35,,Build Rate,2020-06-01,3.8
,Exogenous Factor,Project_3045,0,0,Contract_715,Exogenous Factor,Airframe_35,,Build Rate,2020-07-01,3.8
,Exogenous Factor,Project_3045,0,0,Contract_715,Exogenous Factor,Airframe_35,,Build Rate,2020-08-01,3.8
,Exogenous Factor,Project_3045,0,0,Contract_715,Exogenous Factor,Airframe_35,,Build Rate,2020-09-01,3.8
,Exogenous Factor,Project_3045,0,0,Contract_715,Exogenous Factor,Airframe_35,,Build Rate,2020-10-01,3.8
,Exogenous Factor,Project_3045,0,0,Contract_715,Exogenous Factor,Airframe_35,,Build Rate,2020-11-01,3.8
,Exogenous Factor,Project_3045,0,0,Contract_715,Exogenous Factor,Airframe_35,,Build Rate,2020-12-01,3.8
,Exogenous Factor,Project_3045,0,0,Contract_715,Exogenous Factor,Airframe_35,,Build Rate,2021-01-01,5.4
,Exogenous Factor,Project_3045,0,0,Contract_715,Exogenous Factor,Airframe_35,,Build Rate,2021-02-01,5.4
,Exogenous Factor,Project_3045,0,0,Contract_715,Exogenous Factor,Airframe_35,,Build Rate,2021-03-01,5.4
,Exogenous Factor,Project_3045,0,0,Contract_715,Exogenous Factor,Airframe_35,,Build Rate,2021-04-01,5.4
,Exogenous Factor,Project_3045,0,0,Contract_715,Exogenous Factor,Airframe_35,,Build Rate,2021-05-01,5.4
,Exogenous Factor,Project_3045,0,0,Contract_715,Exogenous Factor,Airframe_35,,Build Rate,2021-06-01,5.4
,Exogenous Factor,Project_3045,0,0,Contract_715,Exogenous Factor,Airframe_35,,Build Rate,2021-07-01,5.4
,Exogenous Factor,Project_3045,0,0,Contract_715,Exogenous Factor,Airframe_35,,Build Rate,2021-08-01,5.4
,Exogenous Factor,Project_3045,0,0,Contract_715,Exogenous Factor,Airframe_35,,Build Rate,2021-09-01,5.4
,Exogenous Factor,Project_3045,0,0,Contract_715,Exogenous Factor,Airframe_35,,Build Rate,2021-10-01,5.4
,Exogenous Factor,Project_3045,0,0,Contract_715,Exogenous Factor,Airframe_35,,Build Rate,2021-11-01,5.4
,Exogenous Factor,Project_3045,0,0,Contract_715,Exogenous Factor,Airframe_35,,Build Rate,2021-12-01,5.4
,Exogenous Factor,Project_1336,0,0,Contract_404,Exogenous Factor,Airframe_27,,Build Rate,2018-01-01,2.6
,Exogenous Factor,Project_1336,0,0,Contract_404,Exogenous Factor,Airframe_27,,Build Rate,2018-02-01,2.6
,Exogenous Factor,Project_1336,0,0,Contract_404,Exogenous Factor,Airframe_27,,Build Rate,2018-03-01,2.8
,Exogenous Factor,Project_1336,0,0,Contract_404,Exogenous Factor,Airframe_27,,Build Rate,2018-04-01,2.8
,Exogenous Factor,Project_1336,0,0,Contract_404,Exogenous Factor,Airframe_27,,Build Rate,2018-05-01,2.8
,Exogenous Factor,Project_1336,0,0,Contract_404,Exogenous Factor,Airframe_27,,Build Rate,2018-06-01,3.2
,Exogenous Factor,Project_1336,0,0,Contract_404,Exogenous Factor,Airframe_27,,Build Rate,2018-07-01,3.2
,Exogenous Factor,Project_1336,0,0,Contract_404,Exogenous Factor,Airframe_27,,Build Rate,2018-08-01,3.2
,Exogenous Factor,Project_1336,0,0,Contract_404,Exogenous Factor,Airframe_27,,Build Rate,2018-09-01,3.4
,Exogenous Factor,Project_1336,0,0,Contract_404,Exogenous Factor,Airframe_27,,Build Rate,2018-10-01,3.4
,Exogenous Factor,Project_1336,0,0,Contract_404,Exogenous Factor,Airframe_27,,Build Rate,2018-11-01,3.4
,Exogenous Factor,Project_1336,0,0,Contract_404,Exogenous Factor,Airframe_27,,Build Rate,2018-12-01,3.4
,Exogenous Factor,Project_1336,0,0,Contract_404,Exogenous Factor,Airframe_27,,Build Rate,2019-01-01,2.2
,Exogenous Factor,Project_1336,0,0,Contract_404,Exogenous Factor,Airframe_27,,Build Rate,2019-02-01,2.2
,Exogenous Factor,Project_1336,0,0,Contract_404,Exogenous Factor,Airframe_27,,Build Rate,2019-03-01,2.4
,Exogenous Factor,Project_1336,0,0,Contract_404,Exogenous Factor,Airframe_27,,Build Rate,2019-04-01,2.6
,Exogenous Factor,Project_1336,0,0,Contract_404,Exogenous Factor,Airframe_27,,Build Rate,2019-05-01,2.6
,Exogenous Factor,Project_1336,0,0,Contract_404,Exogenous Factor,Airframe_27,,Build Rate,2019-06-01,2.6
,Exogenous Factor,Project_1336,0,0,Contract_404,Exogenous Factor,Airframe_27,,Build Rate,2019-07-01,2.6
,Exogenous Factor,Project_1336,0,0,Contract_404,Exogenous Factor,Airframe_27,,Build Rate,2019-08-01,2.9
,Exogenous Factor,Project_1336,0,0,Contract_404,Exogenous Factor,Airframe_27,,Build Rate,2019-09-01,2.9
,Exogenous Factor,Project_1336,0,0,Contract_404,Exogenous Factor,Airframe_27,,Build Rate,2019-10-01,3.2
,Exogenous Factor,Project_1336,0,0,Contract_404,Exogenous Factor,Airframe_27,,Build Rate,2019-11-01,3.2
,Exogenous Factor,Project_1336,0,0,Contract_404,Exogenous Factor,Airframe_27,,Build Rate,2019-12-01,3.2
,Exogenous Factor,Project_1336,0,0,Contract_404,Exogenous Factor,Airframe_27,,Build Rate,2020-01-01,4.0
,Exogenous Factor,Project_1336,0,0,Contract_404,Exogenous Factor,Airframe_27,,Build Rate,2020-02-01,4.0
,Exogenous Factor,Project_1336,0,0,Contract_404,Exogenous Factor,Airframe_27,,Build Rate,2020-03-01,4.7
,Exogenous Factor,Project_1336,0,0,Contract_404,Exogenous Factor,Airframe_27,,Build Rate,2020-04-01,4.7
,Exogenous Factor,Project_1336,0,0,Contract_404,Exogenous Factor,Airframe_27,,Build Rate,2020-05-01,5.0
,Exogenous Factor,Project_1336,0,0,Contract_404,Exogenous Factor,Airframe_27,,Build Rate,2020-06-01,5.0
,Exogenous Factor,Project_1336,0,0,Contract_404,Exogenous Factor,Airframe_27,,Build Rate,2020-07-01,5.0
,Exogenous Factor,Project_1336,0,0,Contract_404,Exogenous Factor,Airframe_27,,Build Rate,2020-08-01,5.4
,Exogenous Factor,Project_1336,0,0,Contract_404,Exogenous Factor,Airframe_27,,Build Rate,2020-09-01,5.4
,Exogenous Factor,Project_1336,0,0,Contract_404,Exogenous Factor,Airframe_27,,Build Rate,2020-10-01,5.4
,Exogenous Factor,Project_1336,0,0,Contract_404,Exogenous Factor,Airframe_27,,Build Rate,2020-11-01,5.9
,Exogenous Factor,Project_1336,0,0,Contract_404,Exogenous Factor,Airframe_27,,Build Rate,2020-12-01,5.9
,Exogenous Factor,Project_1336,0,0,Contract_404,Exogenous Factor,Airframe_27,,Build Rate,2021-01-01,5.4
,Exogenous Factor,Project_1336,0,0,Contract_404,Exogenous Factor,Airframe_27,,Build Rate,2021-02-01,5.4
,Exogenous Factor,Project_1336,0,0,Contract_404,Exogenous Factor,Airframe_27,,Build Rate,2021-03-01,5.9
,Exogenous Factor,Project_1336,0,0,Contract_404,Exogenous Factor,Airframe_27,,Build Rate,2021-04-01,5.9
,Exogenous Factor,Project_1336,0,0,Contract_404,Exogenous Factor,Airframe_27,,Build Rate,2021-05-01,5.9
,Exogenous Factor,Project_1336,0,0,Contract_404,Exogenous Factor,Airframe_27,,Build Rate,2021-06-01,5.9
,Exogenous Factor,Project_1336,0,0,Contract_404,Exogenous Factor,Airframe_27,,Build Rate,2021-07-01,5.9
,Exogenous Factor,Project_1336,0,0,Contract_404,Exogenous Factor,Airframe_27,,Build Rate,2021-08-01,5.9
,Exogenous Factor,Project_1336,0,0,Contract_404,Exogenous Factor,Airframe_27,,Build Rate,2021-09-01,5.9
,Exogenous Factor,Project_1336,0,0,Contract_404,Exogenous Factor,Airframe_27,,Build Rate,2021-10-01,5.9
,Exogenous Factor,Project_1336,0,0,Contract_404,Exogenous Factor,Airframe_27,,Build Rate,2021-11-01,5.9
,Exogenous Factor,Project_1336,0,0,Contract_404,Exogenous Factor,Airframe_27,,Build Rate,2021-12-01,5.9
,Exogenous Factor,Project_1337,0,0,Contract_404,Exogenous Factor,Airframe_27,,Build Rate,2018-01-01,2.6
,Exogenous Factor,Project_1337,0,0,Contract_404,Exogenous Factor,Airframe_27,,Build Rate,2018-02-01,2.6
,Exogenous Factor,Project_1337,0,0,Contract_404,Exogenous Factor,Airframe_27,,Build Rate,2018-03-01,2.8
,Exogenous Factor,Project_1337,0,0,Contract_404,Exogenous Factor,Airframe_27,,Build Rate,2018-04-01,2.8
,Exogenous Factor,Project_1337,0,0,Contract_404,Exogenous Factor,Airframe_27,,Build Rate,2018-05-01,2.8
,Exogenous Factor,Project_1337,0,0,Contract_404,Exogenous Factor,Airframe_27,,Build Rate,2018-06-01,3.2
,Exogenous Factor,Project_1337,0,0,Contract_404,Exogenous Factor,Airframe_27,,Build Rate,2018-07-01,3.2
,Exogenous Factor,Project_1337,0,0,Contract_404,Exogenous Factor,Airframe_27,,Build Rate,2018-08-01,3.2
,Exogenous Factor,Project_1337,0,0,Contract_404,Exogenous Factor,Airframe_27,,Build Rate,2018-09-01,3.4
,Exogenous Factor,Project_1337,0,0,Contract_404,Exogenous Factor,Airframe_27,,Build Rate,2018-10-01,3.4
,Exogenous Factor,Project_1337,0,0,Contract_404,Exogenous Factor,Airframe_27,,Build Rate,2018-11-01,3.4
,Exogenous Factor,Project_1337,0,0,Contract_404,Exogenous Factor,Airframe_27,,Build Rate,2018-12-01,3.4
,Exogenous Factor,Project_1337,0,0,Contract_404,Exogenous Factor,Airframe_27,,Build Rate,2019-01-01,2.2
,Exogenous Factor,Project_1337,0,0,Contract_404,Exogenous Factor,Airframe_27,,Build Rate,2019-02-01,2.2
,Exogenous Factor,Project_1337,0,0,Contract_404,Exogenous Factor,Airframe_27,,Build Rate,2019-03-01,2.4
,Exogenous Factor,Project_1337,0,0,Contract_404,Exogenous Factor,Airframe_27,,Build Rate,2019-04-01,2.6
,Exogenous Factor,Project_1337,0,0,Contract_404,Exogenous Factor,Airframe_27,,Build Rate,2019-05-01,2.6
,Exogenous Factor,Project_1337,0,0,Contract_404,Exogenous Factor,Airframe_27,,Build Rate,2019-06-01,2.6
,Exogenous Factor,Project_1337,0,0,Contract_404,Exogenous Factor,Airframe_27,,Build Rate,2019-07-01,2.6
,Exogenous Factor,Project_1337,0,0,Contract_404,Exogenous Factor,Airframe_27,,Build Rate,2019-08-01,2.9
,Exogenous Factor,Project_1337,0,0,Contract_404,Exogenous Factor,Airframe_27,,Build Rate,2019-09-01,2.9
,Exogenous Factor,Project_1337,0,0,Contract_404,Exogenous Factor,Airframe_27,,Build Rate,2019-10-01,3.2
,Exogenous Factor,Project_1337,0,0,Contract_404,Exogenous Factor,Airframe_27,,Build Rate,2019-11-01,3.2
,Exogenous Factor,Project_1337,0,0,Contract_404,Exogenous Factor,Airframe_27,,Build Rate,2019-12-01,3.2
,Exogenous Factor,Project_1337,0,0,Contract_404,Exogenous Factor,Airframe_27,,Build Rate,2020-01-01,4.0
,Exogenous Factor,Project_1337,0,0,Contract_404,Exogenous Factor,Airframe_27,,Build Rate,2020-02-01,4.0
,Exogenous Factor,Project_1337,0,0,Contract_404,Exogenous Factor,Airframe_27,,Build Rate,2020-03-01,4.7
,Exogenous Factor,Project_1337,0,0,Contract_404,Exogenous Factor,Airframe_27,,Build Rate,2020-04-01,4.7
,Exogenous Factor,Project_1337,0,0,Contract_404,Exogenous Factor,Airframe_27,,Build Rate,2020-05-01,5.0
,Exogenous Factor,Project_1337,0,0,Contract_404,Exogenous Factor,Airframe_27,,Build Rate,2020-06-01,5.0
,Exogenous Factor,Project_1337,0,0,Contract_404,Exogenous Factor,Airframe_27,,Build Rate,2020-07-01,5.0
,Exogenous Factor,Project_1337,0,0,Contract_404,Exogenous Factor,Airframe_27,,Build Rate,2020-08-01,5.4
,Exogenous Factor,Project_1337,0,0,Contract_404,Exogenous Factor,Airframe_27,,Build Rate,2020-09-01,5.4
,Exogenous Factor,Project_1337,0,0,Contract_404,Exogenous Factor,Airframe_27,,Build Rate,2020-10-01,5.4
,Exogenous Factor,Project_1337,0,0,Contract_404,Exogenous Factor,Airframe_27,,Build Rate,2020-11-01,5.9
,Exogenous Factor,Project_1337,0,0,Contract_404,Exogenous Factor,Airframe_27,,Build Rate,2020-12-01,5.9
,Exogenous Factor,Project_1337,0,0,Contract_404,Exogenous Factor,Airframe_27,,Build Rate,2021-01-01,5.4
,Exogenous Factor,Project_1337,0,0,Contract_404,Exogenous Factor,Airframe_27,,Build Rate,2021-02-01,5.4
,Exogenous Factor,Project_1337,0,0,Contract_404,Exogenous Factor,Airframe_27,,Build Rate,2021-03-01,5.9
,Exogenous Factor,Project_1337,0,0,Contract_404,Exogenous Factor,Airframe_27,,Build Rate,2021-04-01,5.9
,Exogenous Factor,Project_1337,0,0,Contract_404,Exogenous Factor,Airframe_27,,Build Rate,2021-05-01,5.9
,Exogenous Factor,Project_1337,0,0,Contract_404,Exogenous Factor,Airframe_27,,Build Rate,2021-06-01,5.9
,Exogenous Factor,Project_1337,0,0,Contract_404,Exogenous Factor,Airframe_27,,Build Rate,2021-07-01,5.9
,Exogenous Factor,Project_1337,0,0,Contract_404,Exogenous Factor,Airframe_27,,Build Rate,2021-08-01,5.9
,Exogenous Factor,Project_1337,0,0,Contract_404,Exogenous Factor,Airframe_27,,Build Rate,2021-09-01,5.9
,Exogenous Factor,Project_1337,0,0,Contract_404,Exogenous Factor,Airframe_27,,Build Rate,2021-10-01,5.9
,Exogenous Factor,Project_1337,0,0,Contract_404,Exogenous Factor,Airframe_27,,Build Rate,2021-11-01,5.9
,Exogenous Factor,Project_1337,0,0,Contract_404,Exogenous Factor,Airframe_27,,Build Rate,2021-12-01,5.9
,Exogenous Factor,Project_1338,0,0,Contract_404,Exogenous Factor,Airframe_27,,Build Rate,2018-01-01,2.6
,Exogenous Factor,Project_1338,0,0,Contract_404,Exogenous Factor,Airframe_27,,Build Rate,2018-02-01,2.6
,Exogenous Factor,Project_1338,0,0,Contract_404,Exogenous Factor,Airframe_27,,Build Rate,2018-03-01,2.8
,Exogenous Factor,Project_1338,0,0,Contract_404,Exogenous Factor,Airframe_27,,Build Rate,2018-04-01,2.8
,Exogenous Factor,Project_1338,0,0,Contract_404,Exogenous Factor,Airframe_27,,Build Rate,2018-05-01,2.8
,Exogenous Factor,Project_1338,0,0,Contract_404,Exogenous Factor,Airframe_27,,Build Rate,2018-06-01,3.2
,Exogenous Factor,Project_1338,0,0,Contract_404,Exogenous Factor,Airframe_27,,Build Rate,2018-07-01,3.2
,Exogenous Factor,Project_1338,0,0,Contract_404,Exogenous Factor,Airframe_27,,Build Rate,2018-08-01,3.2
,Exogenous Factor,Project_1338,0,0,Contract_404,Exogenous Factor,Airframe_27,,Build Rate,2018-09-01,3.4
,Exogenous Factor,Project_1338,0,0,Contract_404,Exogenous Factor,Airframe_27,,Build Rate,2018-10-01,3.4
,Exogenous Factor,Project_1338,0,0,Contract_404,Exogenous Factor,Airframe_27,,Build Rate,2018-11-01,3.4
,Exogenous Factor,Project_1338,0,0,Contract_404,Exogenous Factor,Airframe_27,,Build Rate,2018-12-01,3.4
,Exogenous Factor,Project_1338,0,0,Contract_404,Exogenous Factor,Airframe_27,,Build Rate,2019-01-01,2.2
,Exogenous Factor,Project_1338,0,0,Contract_404,Exogenous Factor,Airframe_27,,Build Rate,2019-02-01,2.2
,Exogenous Factor,Project_1338,0,0,Contract_404,Exogenous Factor,Airframe_27,,Build Rate,2019-03-01,2.4
,Exogenous Factor,Project_1338,0,0,Contract_404,Exogenous Factor,Airframe_27,,Build Rate,2019-04-01,2.6
,Exogenous Factor,Project_1338,0,0,Contract_404,Exogenous Factor,Airframe_27,,Build Rate,2019-05-01,2.6
,Exogenous Factor,Project_1338,0,0,Contract_404,Exogenous Factor,Airframe_27,,Build Rate,2019-06-01,2.6
,Exogenous Factor,Project_1338,0,0,Contract_404,Exogenous Factor,Airframe_27,,Build Rate,2019-07-01,2.6
,Exogenous Factor,Project_1338,0,0,Contract_404,Exogenous Factor,Airframe_27,,Build Rate,2019-08-01,2.9
,Exogenous Factor,Project_1338,0,0,Contract_404,Exogenous Factor,Airframe_27,,Build Rate,2019-09-01,2.9
,Exogenous Factor,Project_1338,0,0,Contract_404,Exogenous Factor,Airframe_27,,Build Rate,2019-10-01,3.2
,Exogenous Factor,Project_1338,0,0,Contract_404,Exogenous Factor,Airframe_27,,Build Rate,2019-11-01,3.2
,Exogenous Factor,Project_1338,0,0,Contract_404,Exogenous Factor,Airframe_27,,Build Rate,2019-12-01,3.2
,Exogenous Factor,Project_1338,0,0,Contract_404,Exogenous Factor,Airframe_27,,Build Rate,2020-01-01,4.0
,Exogenous Factor,Project_1338,0,0,Contract_404,Exogenous Factor,Airframe_27,,Build Rate,2020-02-01,4.0
,Exogenous Factor,Project_1338,0,0,Contract_404,Exogenous Factor,Airframe_27,,Build Rate,2020-03-01,4.7
,Exogenous Factor,Project_1338,0,0,Contract_404,Exogenous Factor,Airframe_27,,Build Rate,2020-04-01,4.7
,Exogenous Factor,Project_1338,0,0,Contract_404,Exogenous Factor,Airframe_27,,Build Rate,2020-05-01,5.0
,Exogenous Factor,Project_1338,0,0,Contract_404,Exogenous Factor,Airframe_27,,Build Rate,2020-06-01,5.0
,Exogenous Factor,Project_1338,0,0,Contract_404,Exogenous Factor,Airframe_27,,Build Rate,2020-07-01,5.0
,Exogenous Factor,Project_1338,0,0,Contract_404,Exogenous Factor,Airframe_27,,Build Rate,2020-08-01,5.4
,Exogenous Factor,Project_1338,0,0,Contract_404,Exogenous Factor,Airframe_27,,Build Rate,2020-09-01,5.4
,Exogenous Factor,Project_1338,0,0,Contract_404,Exogenous Factor,Airframe_27,,Build Rate,2020-10-01,5.4
,Exogenous Factor,Project_1338,0,0,Contract_404,Exogenous Factor,Airframe_27,,Build Rate,2020-11-01,5.9
,Exogenous Factor,Project_1338,0,0,Contract_404,Exogenous Factor,Airframe_27,,Build Rate,2020-12-01,5.9
,Exogenous Factor,Project_1338,0,0,Contract_404,Exogenous Factor,Airframe_27,,Build Rate,2021-01-01,5.4
,Exogenous Factor,Project_1338,0,0,Contract_404,Exogenous Factor,Airframe_27,,Build Rate,2021-02-01,5.4
,Exogenous Factor,Project_1338,0,0,Contract_404,Exogenous Factor,Airframe_27,,Build Rate,2021-03-01,5.9
,Exogenous Factor,Project_1338,0,0,Contract_404,Exogenous Factor,Airframe_27,,Build Rate,2021-04-01,5.9
,Exogenous Factor,Project_1338,0,0,Contract_404,Exogenous Factor,Airframe_27,,Build Rate,2021-05-01,5.9
,Exogenous Factor,Project_1338,0,0,Contract_404,Exogenous Factor,Airframe_27,,Build Rate,2021-06-01,5.9
,Exogenous Factor,Project_1338,0,0,Contract_404,Exogenous Factor,Airframe_27,,Build Rate,2021-07-01,5.9
,Exogenous Factor,Project_1338,0,0,Contract_404,Exogenous Factor,Airframe_27,,Build Rate,2021-08-01,5.9
,Exogenous Factor,Project_1338,0,0,Contract_404,Exogenous Factor,Airframe_27,,Build Rate,2021-09-01,5.9
,Exogenous Factor,Project_1338,0,0,Contract_404,Exogenous Factor,Airframe_27,,Build Rate,2021-10-01,5.9
,Exogenous Factor,Project_1338,0,0,Contract_404,Exogenous Factor,Airframe_27,,Build Rate,2021-11-01,5.9
,Exogenous Factor,Project_1338,0,0,Contract_404,Exogenous Factor,Airframe_27,,Build Rate,2021-12-01,5.9
,Exogenous Factor,Project_1339,0,0,Contract_404,Exogenous Factor,Airframe_27,,Build Rate,2018-01-01,2.6
,Exogenous Factor,Project_1339,0,0,Contract_404,Exogenous Factor,Airframe_27,,Build Rate,2018-02-01,2.6
,Exogenous Factor,Project_1339,0,0,Contract_404,Exogenous Factor,Airframe_27,,Build Rate,2018-03-01,2.8
,Exogenous Factor,Project_1339,0,0,Contract_404,Exogenous Factor,Airframe_27,,Build Rate,2018-04-01,2.8
,Exogenous Factor,Project_1339,0,0,Contract_404,Exogenous Factor,Airframe_27,,Build Rate,2018-05-01,2.8
,Exogenous Factor,Project_1339,0,0,Contract_404,Exogenous Factor,Airframe_27,,Build Rate,2018-06-01,3.2
,Exogenous Factor,Project_1339,0,0,Contract_404,Exogenous Factor,Airframe_27,,Build Rate,2018-07-01,3.2
,Exogenous Factor,Project_1339,0,0,Contract_404,Exogenous Factor,Airframe_27,,Build Rate,2018-08-01,3.2
,Exogenous Factor,Project_1339,0,0,Contract_404,Exogenous Factor,Airframe_27,,Build Rate,2018-09-01,3.4
,Exogenous Factor,Project_1339,0,0,Contract_404,Exogenous Factor,Airframe_27,,Build Rate,2018-10-01,3.4
,Exogenous Factor,Project_1339,0,0,Contract_404,Exogenous Factor,Airframe_27,,Build Rate,2018-11-01,3.4
,Exogenous Factor,Project_1339,0,0,Contract_404,Exogenous Factor,Airframe_27,,Build Rate,2018-12-01,3.4
,Exogenous Factor,Project_1339,0,0,Contract_404,Exogenous Factor,Airframe_27,,Build Rate,2019-01-01,2.2
,Exogenous Factor,Project_1339,0,0,Contract_404,Exogenous Factor,Airframe_27,,Build Rate,2019-02-01,2.2
,Exogenous Factor,Project_1339,0,0,Contract_404,Exogenous Factor,Airframe_27,,Build Rate,2019-03-01,2.4
,Exogenous Factor,Project_1339,0,0,Contract_404,Exogenous Factor,Airframe_27,,Build Rate,2019-04-01,2.6
,Exogenous Factor,Project_1339,0,0,Contract_404,Exogenous Factor,Airframe_27,,Build Rate,2019-05-01,2.6
,Exogenous Factor,Project_1339,0,0,Contract_404,Exogenous Factor,Airframe_27,,Build Rate,2019-06-01,2.6
,Exogenous Factor,Project_1339,0,0,Contract_404,Exogenous Factor,Airframe_27,,Build Rate,2019-07-01,2.6
,Exogenous Factor,Project_1339,0,0,Contract_404,Exogenous Factor,Airframe_27,,Build Rate,2019-08-01,2.9
,Exogenous Factor,Project_1339,0,0,Contract_404,Exogenous Factor,Airframe_27,,Build Rate,2019-09-01,2.9
,Exogenous Factor,Project_1339,0,0,Contract_404,Exogenous Factor,Airframe_27,,Build Rate,2019-10-01,3.2
,Exogenous Factor,Project_1339,0,0,Contract_404,Exogenous Factor,Airframe_27,,Build Rate,2019-11-01,3.2
,Exogenous Factor,Project_1339,0,0,Contract_404,Exogenous Factor,Airframe_27,,Build Rate,2019-12-01,3.2
,Exogenous Factor,Project_1339,0,0,Contract_404,Exogenous Factor,Airframe_27,,Build Rate,2020-01-01,4.0
,Exogenous Factor,Project_1339,0,0,Contract_404,Exogenous Factor,Airframe_27,,Build Rate,2020-02-01,4.0
,Exogenous Factor,Project_1339,0,0,Contract_404,Exogenous Factor,Airframe_27,,Build Rate,2020-03-01,4.7
,Exogenous Factor,Project_1339,0,0,Contract_404,Exogenous Factor,Airframe_27,,Build Rate,2020-04-01,4.7
,Exogenous Factor,Project_1339,0,0,Contract_404,Exogenous Factor,Airframe_27,,Build Rate,2020-05-01,5.0
,Exogenous Factor,Project_1339,0,0,Contract_404,Exogenous Factor,Airframe_27,,Build Rate,2020-06-01,5.0
,Exogenous Factor,Project_1339,0,0,Contract_404,Exogenous Factor,Airframe_27,,Build Rate,2020-07-01,5.0
,Exogenous Factor,Project_1339,0,0,Contract_404,Exogenous Factor,Airframe_27,,Build Rate,2020-08-01,5.4
,Exogenous Factor,Project_1339,0,0,Contract_404,Exogenous Factor,Airframe_27,,Build Rate,2020-09-01,5.4
,Exogenous Factor,Project_1339,0,0,Contract_404,Exogenous Factor,Airframe_27,,Build Rate,2020-10-01,5.4
,Exogenous Factor,Project_1339,0,0,Contract_404,Exogenous Factor,Airframe_27,,Build Rate,2020-11-01,5.9
,Exogenous Factor,Project_1339,0,0,Contract_404,Exogenous Factor,Airframe_27,,Build Rate,2020-12-01,5.9
,Exogenous Factor,Project_1339,0,0,Contract_404,Exogenous Factor,Airframe_27,,Build Rate,2021-01-01,5.4
,Exogenous Factor,Project_1339,0,0,Contract_404,Exogenous Factor,Airframe_27,,Build Rate,2021-02-01,5.4
,Exogenous Factor,Project_1339,0,0,Contract_404,Exogenous Factor,Airframe_27,,Build Rate,2021-03-01,5.9
,Exogenous Factor,Project_1339,0,0,Contract_404,Exogenous Factor,Airframe_27,,Build Rate,2021-04-01,5.9
,Exogenous Factor,Project_1339,0,0,Contract_404,Exogenous Factor,Airframe_27,,Build Rate,2021-05-01,5.9
,Exogenous Factor,Project_1339,0,0,Contract_404,Exogenous Factor,Airframe_27,,Build Rate,2021-06-01,5.9
,Exogenous Factor,Project_1339,0,0,Contract_404,Exogenous Factor,Airframe_27,,Build Rate,2021-07-01,5.9
,Exogenous Factor,Project_1339,0,0,Contract_404,Exogenous Factor,Airframe_27,,Build Rate,2021-08-01,5.9
,Exogenous Factor,Project_1339,0,0,Contract_404,Exogenous Factor,Airframe_27,,Build Rate,2021-09-01,5.9
,Exogenous Factor,Project_1339,0,0,Contract_404,Exogenous Factor,Airframe_27,,Build Rate,2021-10-01,5.9
,Exogenous Factor,Project_1339,0,0,Contract_404,Exogenous Factor,Airframe_27,,Build Rate,2021-11-01,5.9
,Exogenous Factor,Project_1339,0,0,Contract_404,Exogenous Factor,Airframe_27,,Build Rate,2021-12-01,5.9
,Exogenous Factor,Project_1117,0,0,Contract_357,Exogenous Factor,Airframe_27,,Airframe Map,1900-01-01,0.0
,Exogenous Factor,Project_1569,0,0,Contract_426,Exogenous Factor,Airframe_42,,Airframe Map,1900-01-01,0.0
,Exogenous Factor,Project_1571,0,0,Contract_426,Exogenous Factor,Airframe_42,,Airframe Map,1900-01-01,0.0
,Exogenous Factor,Project_1572,0,0,Contract_426,Exogenous Factor,Code_4,,Airframe Map,1900-01-01,0.0
,Exogenous Factor,Project_1573,0,0,Contract_426,Exogenous Factor,Code_4,,Airframe Map,1900-01-01,0.0
,Exogenous Factor,Project_1575,0,0,Contract_426,Exogenous Factor,Airframe_49,,Airframe Map,1900-01-01,0.0
,Exogenous Factor,Project_1577,0,0,Contract_426,Exogenous Factor,Airframe_24,,Airframe Map,1900-01-01,0.0
,Exogenous Factor,Project_1579,0,0,Contract_426,Exogenous Factor,Airframe_50,,Airframe Map,1900-01-01,0.0
,Exogenous Factor,Project_1580,0,0,Contract_426,Exogenous Factor,Airframe_45,,Airframe Map,1900-01-01,0.0
,Exogenous Factor,Project_1581,0,0,Contract_426,Exogenous Factor,Airframe_23,,Airframe Map,1900-01-01,0.0
,Exogenous Factor,Project_1582,0,0,Contract_426,Exogenous Factor,Airframe_47,,Airframe Map,1900-01-01,0.0
,Exogenous Factor,Project_1583,0,0,Contract_426,Exogenous Factor,Airframe_44,,Airframe Map,1900-01-01,0.0
,Exogenous Factor,Project_1663,0,0,Contract_453,Exogenous Factor,Airframe_44,,Airframe Map,1900-01-01,0.0
,Exogenous Factor,Project_1664,0,0,Contract_453,Exogenous Factor,Airframe_44,,Airframe Map,1900-01-01,0.0
,Exogenous Factor,Project_1665,0,0,Contract_453,Exogenous Factor,Airframe_44,,Airframe Map,1900-01-01,0.0
,Exogenous Factor,Project_1666,0,0,Contract_453,Exogenous Factor,Airframe_44,,Airframe Map,1900-01-01,0.0
,Exogenous Factor,Project_1667,0,0,Contract_453,Exogenous Factor,Airframe_44,,Airframe Map,1900-01-01,0.0
,Exogenous Factor,Project_1669,0,0,Contract_453,Exogenous Factor,Airframe_44,,Airframe Map,1900-01-01,0.0
,Exogenous Factor,Project_1753,0,0,Contract_453,Exogenous Factor,Airframe_44,,Airframe Map,1900-01-01,0.0
,Exogenous Factor,Project_1681,0,0,Contract_460,Exogenous Factor,Airframe_46,,Airframe Map,1900-01-01,0.0
,Exogenous Factor,Project_1682,0,0,Contract_460,Exogenous Factor,Airframe_46,,Airframe Map,1900-01-01,0.0
,Exogenous Factor,Project_1683,0,0,Contract_460,Exogenous Factor,Airframe_42,,Airframe Map,1900-01-01,0.0
,Exogenous Factor,Project_1684,0,0,Contract_460,Exogenous Factor,Airframe_46,,Airframe Map,1900-01-01,0.0
,Exogenous Factor,Project_1685,0,0,Contract_460,Exogenous Factor,Airframe_46,,Airframe Map,1900-01-01,0.0
,Exogenous Factor,Project_1686,0,0,Contract_460,Exogenous Factor,Airframe_42,,Airframe Map,1900-01-01,0.0
,Exogenous Factor,Project_1687,0,0,Contract_460,Exogenous Factor,Airframe_46,,Airframe Map,1900-01-01,0.0
,Exogenous Factor,Project_1688,0,0,Contract_460,Exogenous Factor,Airframe_42,,Airframe Map,1900-01-01,0.0
,Exogenous Factor,Project_1689,0,0,Contract_460,Exogenous Factor,Airframe_42,,Airframe Map,1900-01-01,0.0
,Exogenous Factor,Project_1679,0,0,Contract_460,Exogenous Factor,Airframe_46,,Airframe Map,1900-01-01,0.0
,Exogenous Factor,Project_1680,0,0,Contract_460,Exogenous Factor,Airframe_42,,Airframe Map,1900-01-01,0.0
,Exogenous Factor,Project_1737,0,0,Contract_463,Exogenous Factor,Airframe_36,,Airframe Map,1900-01-01,0.0
,Exogenous Factor,Project_1738,0,0,Contract_463,Exogenous Factor,Airframe_45,,Airframe Map,1900-01-01,0.0
,Exogenous Factor,Project_1739,0,0,Contract_463,Exogenous Factor,Airframe_42,,Airframe Map,1900-01-01,0.0
,Exogenous Factor,Project_1740,0,0,Contract_463,Exogenous Factor,Airframe_43,,Airframe Map,1900-01-01,0.0
,Exogenous Factor,Project_1742,0,0,Contract_463,Exogenous Factor,Airframe_44,,Airframe Map,1900-01-01,0.0
,Exogenous Factor,Project_1692,0,0,Contract_463,Exogenous Factor,Airframe_36,,Airframe Map,1900-01-01,0.0
,Exogenous Factor,Project_1693,0,0,Contract_463,Exogenous Factor,Airframe_36,,Airframe Map,1900-01-01,0.0
,Exogenous Factor,Project_1694,0,0,Contract_463,Exogenous Factor,Airframe_36,,Airframe Map,1900-01-01,0.0
,Exogenous Factor,Project_1695,0,0,Contract_463,Exogenous Factor,Airframe_36,,Airframe Map,1900-01-01,0.0
,Exogenous Factor,Project_1696,0,0,Contract_463,Exogenous Factor,Airframe_45,,Airframe Map,1900-01-01,0.0
,Exogenous Factor,Project_1697,0,0,Contract_463,Exogenous Factor,Airframe_45,,Airframe Map,1900-01-01,0.0
,Exogenous Factor,Project_1698,0,0,Contract_463,Exogenous Factor,Airframe_43,,Airframe Map,1900-01-01,0.0
,Exogenous Factor,Project_1699,0,0,Contract_463,Exogenous Factor,Airframe_43,,Airframe Map,1900-01-01,0.0
,Exogenous Factor,Project_1700,0,0,Contract_463,Exogenous Factor,Airframe_44,,Airframe Map,1900-01-01,0.0
,Exogenous Factor,Project_1701,0,0,Contract_463,Exogenous Factor,Airframe_44,,Airframe Map,1900-01-01,0.0
,Exogenous Factor,Project_1674,0,0,Contract_463,Exogenous Factor,Airframe_36,,Airframe Map,1900-01-01,0.0
,Exogenous Factor,Project_1675,0,0,Contract_463,Exogenous Factor,Airframe_45,,Airframe Map,1900-01-01,0.0
,Exogenous Factor,Project_1676,0,0,Contract_463,Exogenous Factor,Airframe_42,,Airframe Map,1900-01-01,0.0
,Exogenous Factor,Project_1677,0,0,Contract_463,Exogenous Factor,Airframe_43,,Airframe Map,1900-01-01,0.0
,Exogenous Factor,Project_1678,0,0,Contract_463,Exogenous Factor,Airframe_44,,Airframe Map,1900-01-01,0.0
,Exogenous Factor,Project_1702,0,0,Contract_463,Exogenous Factor,Airframe_36,,Airframe Map,1900-01-01,0.0
,Exogenous Factor,Project_1703,0,0,Contract_463,Exogenous Factor,Airframe_45,,Airframe Map,1900-01-01,0.0
,Exogenous Factor,Project_1704,0,0,Contract_463,Exogenous Factor,Airframe_42,,Airframe Map,1900-01-01,0.0
,Exogenous Factor,Project_1705,0,0,Contract_463,Exogenous Factor,Airframe_44,,Airframe Map,1900-01-01,0.0
,Exogenous Factor,Project_1706,0,0,Contract_463,Exogenous Factor,Airframe_36,,Airframe Map,1900-01-01,0.0
,Exogenous Factor,Project_1707,0,0,Contract_463,Exogenous Factor,Airframe_45,,Airframe Map,1900-01-01,0.0
,Exogenous Factor,Project_1708,0,0,Contract_463,Exogenous Factor,Airframe_42,,Airframe Map,1900-01-01,0.0
,Exogenous Factor,Project_1709,0,0,Contract_463,Exogenous Factor,Airframe_44,,Airframe Map,1900-01-01,0.0
,Exogenous Factor,Project_1710,0,0,Contract_463,Exogenous Factor,Airframe_36,,Airframe Map,1900-01-01,0.0
,Exogenous Factor,Project_1711,0,0,Contract_463,Exogenous Factor,Airframe_36,,Airframe Map,1900-01-01,0.0
,Exogenous Factor,Project_1712,0,0,Contract_463,Exogenous Factor,Airframe_45,,Airframe Map,1900-01-01,0.0
,Exogenous Factor,Project_1713,0,0,Contract_463,Exogenous Factor,Airframe_45,,Airframe Map,1900-01-01,0.0
,Exogenous Factor,Project_1714,0,0,Contract_463,Exogenous Factor,Airframe_42,,Airframe Map,1900-01-01,0.0
,Exogenous Factor,Project_1715,0,0,Contract_463,Exogenous Factor,Airframe_42,,Airframe Map,1900-01-01,0.0
,Exogenous Factor,Project_1716,0,0,Contract_463,Exogenous Factor,Airframe_43,,Airframe Map,1900-01-01,0.0
,Exogenous Factor,Project_1717,0,0,Contract_463,Exogenous Factor,Airframe_43,,Airframe Map,1900-01-01,0.0
,Exogenous Factor,Project_1718,0,0,Contract_463,Exogenous Factor,Airframe_44,,Airframe Map,1900-01-01,0.0
,Exogenous Factor,Project_1719,0,0,Contract_463,Exogenous Factor,Airframe_44,,Airframe Map,1900-01-01,0.0
,Exogenous Factor,Project_1720,0,0,Contract_469,Exogenous Factor,Airframe_36,,Airframe Map,1900-01-01,0.0
,Exogenous Factor,Project_1721,0,0,Contract_469,Exogenous Factor,Airframe_45,,Airframe Map,1900-01-01,0.0
,Exogenous Factor,Project_1722,0,0,Contract_469,Exogenous Factor,Airframe_42,,Airframe Map,1900-01-01,0.0
,Exogenous Factor,Project_1723,0,0,Contract_469,Exogenous Factor,Airframe_43,,Airframe Map,1900-01-01,0.0
,Exogenous Factor,Project_1724,0,0,Contract_469,Exogenous Factor,Airframe_44,,Airframe Map,1900-01-01,0.0
,Exogenous Factor,Project_1745,0,0,Contract_469,Exogenous Factor,Airframe_36,,Airframe Map,1900-01-01,0.0
,Exogenous Factor,Project_1746,0,0,Contract_469,Exogenous Factor,Airframe_36,,Airframe Map,1900-01-01,0.0
,Exogenous Factor,Project_1747,0,0,Contract_469,Exogenous Factor,Airframe_44,,Airframe Map,1900-01-01,0.0
,Exogenous Factor,Project_1671,0,0,Contract_469,Exogenous Factor,Airframe_36,,Airframe Map,1900-01-01,0.0
,Exogenous Factor,Project_1672,0,0,Contract_469,Exogenous Factor,Airframe_43,,Airframe Map,1900-01-01,0.0
,Exogenous Factor,Project_1673,0,0,Contract_469,Exogenous Factor,Airframe_44,,Airframe Map,1900-01-01,0.0
,Exogenous Factor,Project_1748,0,0,Contract_469,Exogenous Factor,Airframe_44,,Airframe Map,1900-01-01,0.0
,Exogenous Factor,Project_1749,0,0,Contract_469,Exogenous Factor,Airframe_45,,Airframe Map,1900-01-01,0.0
,Exogenous Factor,Project_1750,0,0,Contract_469,Exogenous Factor,Airframe_44,,Airframe Map,1900-01-01,0.0
,Exogenous Factor,Project_1751,0,0,Contract_469,Exogenous Factor,Airframe_36,,Airframe Map,1900-01-01,0.0
,Exogenous Factor,Project_1752,0,0,Contract_469,Exogenous Factor,Airframe_44,,Airframe Map,1900-01-01,0.0
,Exogenous Factor,Project_2135,0,0,Contract_284,Exogenous Factor,Airframe_38,,Airframe Map,1900-01-01,0.0
,Exogenous Factor,Project_2136,0,0,Contract_284,Exogenous Factor,Airframe_38,,Airframe Map,1900-01-01,0.0
,Exogenous Factor,Project_2137,0,0,Contract_284,Exogenous Factor,Airframe_23,,Airframe Map,1900-01-01,0.0
,Exogenous Factor,Project_2138,0,0,Contract_284,Exogenous Factor,Airframe_23,,Airframe Map,1900-01-01,0.0
,Exogenous Factor,Project_2139,0,0,Contract_284,Exogenous Factor,Airframe_23,,Airframe Map,1900-01-01,0.0
,Exogenous Factor,Project_2140,0,0,Contract_284,Exogenous Factor,Airframe_23,,Airframe Map,1900-01-01,0.0
,Exogenous Factor,Project_939,0,0,Contract_284,Exogenous Factor,Airframe_23,,Airframe Map,1900-01-01,0.0
,Exogenous Factor,Project_2141,0,0,Contract_284,Exogenous Factor,Airframe_27,,Airframe Map,1900-01-01,0.0
,Exogenous Factor,Project_2142,0,0,Contract_284,Exogenous Factor,Airframe_27,,Airframe Map,1900-01-01,0.0
,Exogenous Factor,Project_2143,0,0,Contract_284,Exogenous Factor,Airframe_27,,Airframe Map,1900-01-01,0.0
,Exogenous Factor,Project_2144,0,0,Contract_284,Exogenous Factor,Airframe_27,,Airframe Map,1900-01-01,0.0
,Exogenous Factor,Project_2146,0,0,Contract_284,Exogenous Factor,Airframe_27,,Airframe Map,1900-01-01,0.0
,Exogenous Factor,Project_354,0,0,Contract_28,Exogenous Factor,Airframe_27,,Airframe Map,1900-01-01,0.0
,Exogenous Factor,Project_355,0,0,Contract_28,Exogenous Factor,Airframe_27,,Airframe Map,1900-01-01,0.0
,Exogenous Factor,Project_356,0,0,Contract_28,Exogenous Factor,Airframe_27,,Airframe Map,1900-01-01,0.0
,Exogenous Factor,Project_357,0,0,Contract_28,Exogenous Factor,Airframe_27,,Airframe Map,1900-01-01,0.0
,Exogenous Factor,Project_358,0,0,Contract_28,Exogenous Factor,Airframe_27,,Airframe Map,1900-01-01,0.0
,Exogenous Factor,Project_203,0,0,Contract_28,Exogenous Factor,Airframe_23,,Airframe Map,1900-01-01,0.0
,Exogenous Factor,Project_359,0,0,Contract_28,Exogenous Factor,Airframe_23,,Airframe Map,1900-01-01,0.0
,Exogenous Factor,Project_360,0,0,Contract_28,Exogenous Factor,Airframe_27,,Airframe Map,1900-01-01,0.0
,Exogenous Factor,Project_361,0,0,Contract_28,Exogenous Factor,Airframe_27,,Airframe Map,1900-01-01,0.0
,Exogenous Factor,Project_362,0,0,Contract_28,Exogenous Factor,Airframe_27,,Airframe Map,1900-01-01,0.0
,Exogenous Factor,Project_363,0,0,Contract_28,Exogenous Factor,Airframe_27,,Airframe Map,1900-01-01,0.0
,Exogenous Factor,Project_204,0,0,Contract_28,Exogenous Factor,Airframe_50,,Airframe Map,1900-01-01,0.0
,Exogenous Factor,Project_364,0,0,Contract_28,Exogenous Factor,Airframe_50,,Airframe Map,1900-01-01,0.0
,Exogenous Factor,Project_366,0,0,Contract_28,Exogenous Factor,Airframe_27,,Airframe Map,1900-01-01,0.0
,Exogenous Factor,Project_367,0,0,Contract_28,Exogenous Factor,Airframe_27,,Airframe Map,1900-01-01,0.0
,Exogenous Factor,Project_368,0,0,Contract_61,Exogenous Factor,Airframe_27,,Airframe Map,1900-01-01,0.0
,Exogenous Factor,Project_369,0,0,Contract_61,Exogenous Factor,Airframe_23,,Airframe Map,1900-01-01,0.0
,Exogenous Factor,Project_370,0,0,Contract_61,Exogenous Factor,Airframe_23,,Airframe Map,1900-01-01,0.0
,Exogenous Factor,Project_371,0,0,Contract_61,Exogenous Factor,Airframe_50,,Airframe Map,1900-01-01,0.0
,Exogenous Factor,Project_372,0,0,Contract_61,Exogenous Factor,Airframe_27,,Airframe Map,1900-01-01,0.0
,Exogenous Factor,Project_2788,0,0,Contract_623,Exogenous Factor,Code_1,,Airframe Map,1900-01-01,0.0
,Exogenous Factor,Project_2789,0,0,Contract_623,Exogenous Factor,Code_1,,Airframe Map,1900-01-01,0.0
,Exogenous Factor,Project_2816,0,0,Contract_225,Exogenous Factor,Code_10,,Airframe Map,1900-01-01,0.0
,Exogenous Factor,Project_789,0,0,Contract_225,Exogenous Factor,Code_9,,Airframe Map,1900-01-01,0.0
,Exogenous Factor,Project_2832,0,0,Contract_225,Exogenous Factor,Code_9,,Airframe Map,1900-01-01,0.0
,Exogenous Factor,Project_2833,0,0,Contract_225,Exogenous Factor,Code_13,,Airframe Map,1900-01-01,0.0
,Exogenous Factor,Project_2835,0,0,Contract_225,Exogenous Factor,Airframe_6,,Airframe Map,1900-01-01,0.0
,Exogenous Factor,Project_790,0,0,Contract_225,Exogenous Factor,Airframe_6,,Airframe Map,1900-01-01,0.0
,Exogenous Factor,Project_2841,0,0,Contract_225,Exogenous Factor,Code_11,,Airframe Map,1900-01-01,0.0
,Exogenous Factor,Project_2842,0,0,Contract_225,Exogenous Factor,Code_7,,Airframe Map,1900-01-01,0.0
,Exogenous Factor,Project_2843,0,0,Contract_225,Exogenous Factor,Code_7,,Airframe Map,1900-01-01,0.0
,Exogenous Factor,Project_2844,0,0,Contract_225,Exogenous Factor,Code_12,,Airframe Map,1900-01-01,0.0
,Exogenous Factor,Project_2845,0,0,Contract_225,Exogenous Factor,Code_9,,Airframe Map,1900-01-01,0.0
,Exogenous Factor,Project_2846,0,0,Contract_225,Exogenous Factor,Code_8,,Airframe Map,1900-01-01,0.0
,Exogenous Factor,Project_2847,0,0,Contract_225,Exogenous Factor,Code_8,,Airframe Map,1900-01-01,0.0
,Exogenous Factor,Project_791,0,0,Contract_226,Exogenous Factor,Code_10,,Airframe Map,1900-01-01,0.0
,Exogenous Factor,Project_2851,0,0,Contract_632,Exogenous Factor,Code_10,,Airframe Map,1900-01-01,0.0
,Exogenous Factor,Project_2820,0,0,Contract_632,Exogenous Factor,Code_10,,Airframe Map,1900-01-01,0.0
,Exogenous Factor,Project_2821,0,0,Contract_632,Exogenous Factor,Code_9,,Airframe Map,1900-01-01,0.0
,Exogenous Factor,Project_2822,0,0,Contract_632,Exogenous Factor,Code_14,,Airframe Map,1900-01-01,0.0
,Exogenous Factor,Project_2859,0,0,Contract_633,Exogenous Factor,Code_10,,Airframe Map,1900-01-01,0.0
,Exogenous Factor,Project_2860,0,0,Contract_633,Exogenous Factor,Code_9,,Airframe Map,1900-01-01,0.0
,Exogenous Factor,Project_2861,0,0,Contract_633,Exogenous Factor,Code_14,,Airframe Map,1900-01-01,0.0
,Exogenous Factor,Project_2864,0,0,Contract_633,Exogenous Factor,Code_16,,Airframe Map,1900-01-01,0.0
,Exogenous Factor,Project_2865,0,0,Contract_633,Exogenous Factor,Code_2,,Airframe Map,1900-01-01,0.0
,Exogenous Factor,Project_2866,0,0,Contract_633,Exogenous Factor,Code_11,,Airframe Map,1900-01-01,0.0
,Exogenous Factor,Project_2867,0,0,Contract_633,Exogenous Factor,Code_3,,Airframe Map,1900-01-01,0.0
,Exogenous Factor,Project_2824,0,0,Contract_633,Exogenous Factor,Code_3,,Airframe Map,1900-01-01,0.0
,Exogenous Factor,Project_2868,0,0,Contract_633,Exogenous Factor,Code_15,,Airframe Map,1900-01-01,0.0
,Exogenous Factor,Project_2869,0,0,Contract_633,Exogenous Factor,Code_8,,Airframe Map,1900-01-01,0.0
,Exogenous Factor,Project_2691,0,0,Contract_227,Exogenous Factor,Code_4,,Airframe Map,1900-01-01,0.0
,Exogenous Factor,Project_2875,0,0,Contract_636,Exogenous Factor,Code_17,,Airframe Map,1900-01-01,0.0
,Exogenous Factor,Project_2879,0,0,Contract_636,Exogenous Factor,Code_7,,Airframe Map,1900-01-01,0.0
,Exogenous Factor,Project_2884,0,0,Contract_636,Exogenous Factor,Code_19,,Airframe Map,1900-01-01,0.0
,Exogenous Factor,Project_2829,0,0,Contract_635,Exogenous Factor,Code_5,,Airframe Map,1900-01-01,0.0
,Exogenous Factor,Project_520,0,0,Contract_60,Exogenous Factor,Airframe_51,,Airframe Map,1900-01-01,0.0
,Exogenous Factor,Project_2463,0,0,Contract_60,Exogenous Factor,Airframe_52,,Airframe Map,1900-01-01,0.0
,Exogenous Factor,Project_2469,0,0,Contract_60,Exogenous Factor,Airframe_51,,Airframe Map,1900-01-01,0.0
,Exogenous Factor,Project_2495,0,0,Contract_476,Exogenous Factor,Airframe_53,,Airframe Map,1900-01-01,0.0
,Exogenous Factor,Project_2499,0,0,Contract_476,Exogenous Factor,Airframe_54,,Airframe Map,1900-01-01,0.0
,Exogenous Factor,Project_2509,0,0,Contract_585,Exogenous Factor,Airframe_55,,Airframe Map,1900-01-01,0.0
,Exogenous Factor,Project_2510,0,0,Contract_585,Exogenous Factor,Airframe_55,,Airframe Map,1900-01-01,0.0
,Exogenous Factor,Project_2462,0,0,Contract_582,Exogenous Factor,Airframe_55,,Airframe Map,1900-01-01,0.0
